{
	"class_name" : "PinholeCameraParameters",
	"extrinsic" : 
	[
		0.99988534836532872,
		-0.011445440959168104,
		-0.0099142324763738954,
		0.0,
		-0.012447164521824866,
		-0.24839850661516383,
		-0.96857795246780376,
		0.0,
		0.0086231212279553448,
		0.96859030750498776,
		-0.24851249060697403,
		0.0,
		-0.60497881910966111,
		-0.37683675069503242,
		1.3058392152363218,
		1.0
	],
	"intrinsic" : 
	{
		"height" : 1080,
		"intrinsic_matrix" : 
		[
			935.30743608719376,
			0.0,
			0.0,
			0.0,
			935.30743608719376,
			0.0,
			959.5,
			539.5,
			1.0
		],
		"width" : 1920
	},
	"version_major" : 1,
	"version_minor" : 0
}